{
	"artists": [
		{
			"id": "72280",
			"imageCommand": {
				"command": "getImage",
				"params": {
					"type": "custom",
					"id": "72280",
					"subType": "artist"
				}
			},
			"name": "Foo Fighters"
		}, {
			"id": "379483",
			"imageCommand": {
				"command": "getImage",
				"params": {
					"type": "custom",
					"id": "379483",
					"subType": "artist"
				}
			},
			"name": "Mumford & Sons"
		}, {
			"id": "1648",
			"imageCommand": {
				"command": "getImage",
				"params": {
					"type": "custom",
					"id": "1648",
					"subType": "artist"
				}
			},
			"name": "Coldplay"
		}, {
			"id": "39467",
			"imageCommand": {
				"command": "getImage",
				"params": {
					"type": "custom",
					"id": "39467",
					"subType": "artist"
				}
			},
			"name": "The Rolling Stones"
		}, {
			"id": "58351",
			"imageCommand": {
				"command": "getImage",
				"params": {
					"type": "custom",
					"id": "58351",
					"subType": "artist"
				}
			},
			"name": "Linkin Park"
		}, {
			"id": "202598",
			"imageCommand": {
				"command": "getImage",
				"params": {
					"type": "custom",
					"id": "202598",
					"subType": "artist"
				}
			},
			"name": "Arcade Fire"
		}, {
			"id": "44174",
			"imageCommand": {
				"command": "getImage",
				"params": {
					"type": "custom",
					"id": "44174",
					"subType": "artist"
				}
			},
			"name": "Florence + The Machine"
		}, {
			"id": "27770",
			"imageCommand": {
				"command": "getImage",
				"params": {
					"type": "custom",
					"id": "27770",
					"subType": "artist"
				}
			},
			"name": "David Bowie"
		}, {
			"id": "9288",
			"imageCommand": {
				"command": "getImage",
				"params": {
					"type": "custom",
					"id": "9288",
					"subType": "artist"
				}
			},
			"name": "The Black Keys"
		}, {
			"id": "58370",
			"imageCommand": {
				"command": "getImage",
				"params": {
					"type": "custom",
					"id": "58370",
					"subType": "artist"
				}
			},
			"name": "My Chemical Romance"
		}, {
			"id": "974",
			"imageCommand": {
				"command": "getImage",
				"params": {
					"type": "custom",
					"id": "974",
					"subType": "artist"
				}
			},
			"name": "Radiohead"
		}, {
			"id": "28467",
			"imageCommand": {
				"command": "getImage",
				"params": {
					"type": "custom",
					"id": "28467",
					"subType": "artist"
				}
			},
			"name": "Jessie J"
		}, {
			"id": "4275",
			"imageCommand": {
				"command": "getImage",
				"params": {
					"type": "custom",
					"id": "4275",
					"subType": "artist"
				}
			},
			"name": "Muse"
		}, {
			"id": "6766",
			"imageCommand": {
				"command": "getImage",
				"params": {
					"type": "custom",
					"id": "6766",
					"subType": "artist"
				}
			},
			"name": "Dave Matthews Band"
		}, {
			"id": "971",
			"imageCommand": {
				"command": "getImage",
				"params": {
					"type": "custom",
					"id": "971",
					"subType": "artist"
				}
			},
			"name": "Bob Dylan"
		}, {
			"id": "71640",
			"imageCommand": {
				"command": "getImage",
				"params": {
					"type": "custom",
					"id": "71640",
					"subType": "artist"
				}
			},
			"name": "The Strokes"
		}, {
			"id": "39143",
			"imageCommand": {
				"command": "getImage",
				"params": {
					"type": "custom",
					"id": "39143",
					"subType": "artist"
				}
			},
			"name": "Lfmao"
		}, {
			"id": "15720",
			"imageCommand": {
				"command": "getImage",
				"params": {
					"type": "custom",
					"id": "15720",
					"subType": "artist"
				}
			},
			"name": "Taylor Swift"
		}, {
			"id": "633",
			"imageCommand": {
				"command": "getImage",
				"params": {
					"type": "custom",
					"id": "633",
					"subType": "artist"
				}
			},
			"name": "The Nolans"
		}, {
			"id": "4258",
			"imageCommand": {
				"command": "getImage",
				"params": {
					"type": "custom",
					"id": "4258",
					"subType": "artist"
				}
			},
			"name": "Maroon 5"
		}, {
			"id": "593",
			"imageCommand": {
				"command": "getImage",
				"params": {
					"type": "custom",
					"id": "593",
					"subType": "artist"
				}
			},
			"name": "Ramones"
		}, {
			"id": "970",
			"imageCommand": {
				"command": "getImage",
				"params": {
					"type": "custom",
					"id": "970",
					"subType": "artist"
				}
			},
			"name": "Adele"
		}
	],
	"songs" :[{
			"id" : "10001",
			"artistId" : "970",
			"title" : "Rolling In The Deep",
			"albumName" : "Adele"
		},
		{
			"id" : "10002",
			"artistId" : "970",
			"title" : "Someone Like You",
			"albumName" : "Adele"
		},
		{
			"id" : "10003",
			"artistId" : "4258",
			"title" : "Moves Like Jagger",
			"albumName" : "Maroon 5"
		},
		{
			"id" : "10004",
			"artistId" : "633",
			"title" : "Sexy Music",
			"albumName" : "The Nolans"
		},
		{
			"id" : "10005",
			"artistId" : "15720",
			"title" : "We Are Never Ever Getting Back Together",
			"albumName" : "Taylor Swift"
		},
		{
			"id" : "10006",
			"artistId" : "39143",
			"title" : "Domino",
			"albumName" : "Jessie J"
		},
		{
			"id" : "10007",
			"artistId" : "39143",
			"title" : "Price Tag",
			"albumName" : "Jessie J"
		},
		{
			"id" : "10008",
			"artistId" : "971",
			"title" : "We Found Love",
			"albumName" : "Rihanna"
		},
		{
			"id" : "10009",
			"artistId" : "6766",
			"title" : "Everyday Im Shuffling",
			"albumName" : "Lfmao"
		},
		{
			"id" : "10010",
			"artistId" : "4275",
			"title" : "Just The Way You Are",
			"albumName" : "Bruno Mars"
		}],

	"errors": null
}