{
	"featuredStations": [
		{
			"id": "276",
			"imageCommand": {
				"command": "getImage",
				"params": {
					"type": "custom",
					"id": "276",
					"subType": "mood"
				}
			},
			"type": "mood",
			"description": "A celebration of the festival of lights. The original Hanukkah Radio is now on iHeartRadio... streaming to you from everywhere free. Oy! No Vey!",
			"name": "Hanukkah"
		}, {
			"id": "402",
			"imageCommand": {
				"command": "getImage",
				"params": {
					"type": "custom",
					"id": "402",
					"subType": "mood"
				}
			},
			"type": "mood",
			"description": "The Best R&B Christmas Mix",
			"name": "Holiday Jams"
		}, {
			"id": "428",
			"imageCommand": {
				"command": "getImage",
				"params": {
					"type": "custom",
					"id": "428",
					"subType": "mood"
				}
			},
			"type": "mood",
			"description": "Music dedicated to all those affected by Hurricane Sandy. ",
			"name": "Stronger Than Sandy"
		}, {
			"id": "49",
			"imageCommand": {
				"command": "getImage",
				"params": {
					"type": "custom",
					"id": "49",
					"subType": "mood"
				}
			},
			"type": "mood",
			"description": "Dance to the beat of classic disco from the 70s and early 80s",
			"name": "Strobe Light"
		}, {
			"id": "48",
			"imageCommand": {
				"command": "getImage",
				"params": {
					"type": "custom",
					"id": "48",
					"subType": "mood"
				}
			},
			"type": "mood",
			"description": "The Blues from past to present: B.B. King, Stevie Ray Vaughan, Robert Johnson, Bonnie Raitt, Muddy Waters, Eric Clapton, John Lee Hooker, Buddy Guy, Etta James, the Allman Brothers, and hundreds of other artists who can't lose the Blues!",
			"name": "Bluestown"
		}, {
			"id": "46",
			"imageCommand": {
				"command": "getImage",
				"params": {
					"type": "custom",
					"id": "46",
					"subType": "mood"
				}
			},
			"type": "mood",
			"description": "History's greatest Classical works from Bach, Haydn, Mozart, Beethoven, Schubert, Wagner, Brahms, Tchaikovsky, Stravinsky, and more",
			"name": "Classica"
		}, {
			"id": "51",
			"imageCommand": {
				"command": "getImage",
				"params": {
					"type": "custom",
					"id": "51",
					"subType": "mood"
				}
			},
			"type": "mood",
			"description": "Upbeat Jammin' Oldies",
			"name": "Jammin' Oldies"
		}, {
			"id": "50",
			"imageCommand": {
				"command": "getImage",
				"params": {
					"type": "custom",
					"id": "50",
					"subType": "mood"
				}
			},
			"type": "mood",
			"description": "Punk Rock from the 70's through today: Clash, Green Day, Sex Pistols, MC5,  Ramones, Dead Kennedys, Rise Against, Iggy & The Stooges, Pennywise, Bad Brains, and many others. ",
			"name": "Punk You "
		}, {
			"id": "21",
			"imageCommand": {
				"command": "getImage",
				"params": {
					"type": "custom",
					"id": "21",
					"subType": "mood"
				}
			},
			"type": "mood",
			"description": "What we imagine Joey on Friends listening to.",
			"name": "All 90's"
		}, {
			"id": "20",
			"imageCommand": {
				"command": "getImage",
				"params": {
					"type": "custom",
					"id": "20",
					"subType": "mood"
				}
			},
			"type": "mood",
			"description": "iHeartradio wants you to \"Have a Nice Day\", so we found your old 8 track tapes and unjammed them! KC and the Sunshine Band, The Eagles, Chicago, Elton John, they're all back!",
			"name": "All 70's"
		}, {
			"id": "4",
			"imageCommand": {
				"command": "getImage",
				"params": {
					"type": "custom",
					"id": "4",
					"subType": "mood"
				}
			},
			"type": "mood",
			"description": "Duran Duran, Madonna, Prince, Wham, Cyndi Lauper, they're all back!  Chosen by iHeartRadio's Brat Pack of 80's fanatics!",
			"name": "All 80's"
		}, {
			"id": "33",
			"imageCommand": {
				"command": "getImage",
				"params": {
					"type": "custom",
					"id": "33",
					"subType": "mood"
				}
			},
			"type": "mood",
			"description": "Best of 4 Decades of World Class Rock! A variety of today’s buzz worthy artists ranging from classic rock, singer\/songwriters, blues, reggae, and alternative rock.",
			"name": "Coffeeshop Rock"
		}, {
			"id": "29",
			"imageCommand": {
				"command": "getImage",
				"params": {
					"type": "custom",
					"id": "29",
					"subType": "mood"
				}
			},
			"type": "mood",
			"description": "HITS from 2000-2009!  Bug out to non-stop MONSTER HITS from the Classes of the 00’s! This Pop Culture party train covers a decade of diversity!",
			"name": "Hits 2K"
		}, {
			"id": "30",
			"imageCommand": {
				"command": "getImage",
				"params": {
					"type": "custom",
					"id": "30",
					"subType": "mood"
				}
			},
			"type": "mood",
			"description": "Car Tunes",
			"name": "Road Trip!"
		}, {
			"id": "1",
			"imageCommand": {
				"command": "getImage",
				"params": {
					"type": "custom",
					"id": "1",
					"subType": "mood"
				}
			},
			"type": "mood",
			"description": "The Ultimate Workout channel! Move to the groove as this channel hums with energy to motivate! Indoors and outdoors feel the energy as you power through your activities!",
			"name": "Workout Beats!"
		}, {
			"id": "3",
			"imageCommand": {
				"command": "getImage",
				"params": {
					"type": "custom",
					"id": "3",
					"subType": "mood"
				}
			},
			"type": "mood",
			"description": "Relaxing, great Love Songs when you're with someone special or enjoying your private time.  Hand picked by the most sensitive members of the iHeartRadio team",
			"name": "Love Songs"
		}, {
			"id": "6",
			"imageCommand": {
				"command": "getImage",
				"params": {
					"type": "custom",
					"id": "6",
					"subType": "mood"
				}
			},
			"type": "mood",
			"description": "Early Alternative Music from the beginnings of Modern Rock in the late 70's and 80's.  Inspired by our own post-punk, spiky dyed hair, synth meets catchy pop tunes fanatics.",
			"name": "New Wave"
		}, {
			"id": "19",
			"imageCommand": {
				"command": "getImage",
				"params": {
					"type": "custom",
					"id": "19",
					"subType": "mood"
				}
			},
			"type": "mood",
			"description": "Rock, Pop, and Soul from the 60's all on one groovy channel!",
			"name": "All 60's"
		}, {
			"id": "5",
			"imageCommand": {
				"command": "getImage",
				"params": {
					"type": "custom",
					"id": "5",
					"subType": "mood"
				}
			},
			"type": "mood",
			"description": "Modern Hits: 90s & Now.  Created by a barista in San Francisco who was inspired by the artists and music of Lilith Fair, coffee shop performers, and her guilty pleasure – pop alternative.",
			"name": "Planet"
		}, {
			"id": "2",
			"imageCommand": {
				"command": "getImage",
				"params": {
					"type": "custom",
					"id": "2",
					"subType": "mood"
				}
			},
			"type": "mood",
			"description": " Smooth and sexy jams you can chill-out and relax to (thus, Chillax).  The perfect sound track for cool days and steamy nights.",
			"name": "Chillax"
		}, {
			"id": "27",
			"imageCommand": {
				"command": "getImage",
				"params": {
					"type": "custom",
					"id": "27",
					"subType": "mood"
				}
			},
			"type": "mood",
			"description": "Rock, Alternative and Grunge of the 90's",
			"name": "The 90's Unglued"
		}, {
			"id": "28",
			"imageCommand": {
				"command": "getImage",
				"params": {
					"type": "custom",
					"id": "28",
					"subType": "mood"
				}
			},
			"type": "mood",
			"description": "Soak up the positive reggae vibes here. Sand not included.",
			"name": "iRie Beach"
		}, {
			"id": "17",
			"imageCommand": {
				"command": "getImage",
				"params": {
					"type": "custom",
					"id": "17",
					"subType": "mood"
				}
			},
			"type": "mood",
			"description": "The Ultimate Workout channel!",
			"name": "Rockin' Workout"
		}
	],
	"errors": null
}