{
	"stations": [
		{
			"callLetter": "WSSX-FM",
			"id": "5502",
			"band": "FM",
			"description": "Charleston's Hit Music Now!",
			"name": "95SX",
			"state": "SC",
			"imageCommand": {
				"command": "getImage",
				"params": {
					"type": "live",
					"id": "5502",
					"subType": "live"
				}
			},
			"frequency": "95.1",
			"type": "live",
			"city": "Charleston"
		}, {
			"callLetter": "WWWZ-FM",
			"id": "5512",
			"band": "FM",
			"description": "Charleston #1 for Hip Hop & R&B Flava",
			"name": "Z 93 Jamz",
			"state": "SC",
			"imageCommand": {
				"command": "getImage",
				"params": {
					"type": "live",
					"id": "5512",
					"subType": "live"
				}
			},
			"frequency": "93.3",
			"type": "live",
			"city": "Charleston"
		}, {
			"callLetter": "WEZL-FM",
			"id": "2061",
			"band": "FM",
			"description": "Charleston's Country",
			"name": "WEZL The Weasel",
			"state": "SC",
			"imageCommand": {
				"command": "getImage",
				"params": {
					"type": "live",
					"id": "2061",
					"subType": "live"
				}
			},
			"frequency": "103.5",
			"type": "live",
			"city": "Charleston"
		}, {
			"callLetter": "WXLY-FM",
			"id": "2065",
			"band": "FM",
			"description": "Charleston's at Work Variety",
			"name": "Y1025",
			"state": "SC",
			"imageCommand": {
				"command": "getImage",
				"params": {
					"type": "live",
					"id": "2065",
					"subType": "live"
				}
			},
			"frequency": "102.5",
			"type": "live",
			"city": "Charleston"
		}, {
			"callLetter": "WIWF-FM",
			"id": "5467",
			"band": "FM",
			"description": "Charleston's Most Country Music ",
			"name": "96.9 The Wolf",
			"state": "SC",
			"imageCommand": {
				"command": "getImage",
				"params": {
					"type": "live",
					"id": "5467",
					"subType": "live"
				}
			},
			"frequency": "96.9",
			"type": "live",
			"city": "Charleston"
		}, {
			"callLetter": "WRFQ-FM",
			"id": "3058",
			"band": "FM",
			"description": "Charleston's Classic Rock",
			"name": "Q1045",
			"state": "SC",
			"imageCommand": {
				"command": "getImage",
				"params": {
					"type": "live",
					"id": "3058",
					"subType": "live"
				}
			},
			"frequency": "104.5",
			"type": "live",
			"city": "Charleston"
		}, {
			"callLetter": "WMGL-FM",
			"id": "5481",
			"band": "FM",
			"description": "Charleston's Best R & B",
			"name": "Magic 107.3 ",
			"state": "SC",
			"imageCommand": {
				"command": "getImage",
				"params": {
					"type": "live",
					"id": "5481",
					"subType": "live"
				}
			},
			"frequency": "107.3",
			"type": "live",
			"city": "Charleston"
		}, {
			"callLetter": "WSCC-FM",
			"id": "3062",
			"band": "FM",
			"description": "Charleston's news, talk and weather",
			"name": "94.3 WSC",
			"state": "SC",
			"imageCommand": {
				"command": "getImage",
				"params": {
					"type": "live",
					"id": "3062",
					"subType": "live"
				}
			},
			"frequency": "94.3",
			"type": "live",
			"city": "Charleston"
		}, {
			"callLetter": "WTMA-AM",
			"id": "5504",
			"band": "AM",
			"description": "Charleston's Big Talker",
			"name": "1250 WTMA",
			"state": "SC",
			"imageCommand": {
				"command": "getImage",
				"params": {
					"type": "live",
					"id": "5504",
					"subType": "live"
				}
			},
			"frequency": "1250.0",
			"type": "live",
			"city": "Charleston"
		}, {
			"callLetter": "WAYA-FM",
			"id": "5319",
			"band": "FM",
			"description": "Christian Music & Conversation WAY-FM",
			"name": "Charleston's WAY-FM",
			"state": "SC",
			"imageCommand": {
				"command": "getImage",
				"params": {
					"type": "live",
					"id": "5319",
					"subType": "live"
				}
			},
			"frequency": "100.9",
			"type": "live",
			"city": "Charleston"
		}, {
			"callLetter": "ICOM-PR",
			"id": "4902",
			"band": "PR",
			"description": "Funny. HAHA",
			"name": "24\/7 Comedy",
			"state": "",
			"imageCommand": {
				"command": "getImage",
				"params": {
					"type": "live",
					"id": "4902",
					"subType": "live"
				}
			},
			"frequency": "0.0",
			"type": "live",
			"city": "National"
		}, {
			"callLetter": "IAIR-HD",
			"id": "5163",
			"band": "HD",
			"description": "Christian Music \/ Christian Pop - Air 1",
			"name": "Air1 Radio",
			"state": "",
			"imageCommand": {
				"command": "getImage",
				"params": {
					"type": "live",
					"id": "5163",
					"subType": "live"
				}
			},
			"frequency": "0.0",
			"type": "live",
			"city": "National"
		}, {
			"callLetter": "IUAC-FL",
			"id": "4433",
			"band": "FL",
			"description": "Today's R&B and The Best Old School",
			"name": "All My Jams",
			"state": "",
			"imageCommand": {
				"command": "getImage",
				"params": {
					"type": "live",
					"id": "4433",
					"subType": "live"
				}
			},
			"frequency": "0.0",
			"type": "live",
			"city": "National"
		}, {
			"callLetter": "AT40-PR",
			"id": "4802",
			"band": "PR",
			"description": "AT40 with Ryan Seacrest",
			"name": "American Top 40",
			"state": "CA",
			"imageCommand": {
				"command": "getImage",
				"params": {
					"type": "live",
					"id": "4802",
					"subType": "live"
				}
			},
			"frequency": "0.0",
			"type": "live",
			"city": "Los Angeles"
		}, {
			"callLetter": "IPHU-FL",
			"id": "4828",
			"band": "FL",
			"description": "Your dance music, 24\/7",
			"name": "Club Phusion",
			"state": "",
			"imageCommand": {
				"command": "getImage",
				"params": {
					"type": "live",
					"id": "4828",
					"subType": "live"
				}
			},
			"frequency": "0.0",
			"type": "live",
			"city": "National"
		}, {
			"callLetter": "RMSY-FL",
			"id": "5859",
			"band": "FL",
			"description": "Straight Talk on Life and Money",
			"name": "Dave Ramsey Channel",
			"state": "",
			"imageCommand": {
				"command": "getImage",
				"params": {
					"type": "live",
					"id": "5859",
					"subType": "live"
				}
			},
			"frequency": "0.0",
			"type": "live",
			"city": "National"
		}, {
			"callLetter": "EDMS-PR",
			"id": "4499",
			"band": "PR",
			"description": "Your Favorite Show is Always On",
			"name": "Elvis Duran Replay Channel",
			"state": "NY",
			"imageCommand": {
				"command": "getImage",
				"params": {
					"type": "live",
					"id": "4499",
					"subType": "live"
				}
			},
			"frequency": "0.0",
			"type": "live",
			"city": "New York"
		}, {
			"callLetter": "ICHR-FL",
			"id": "4422",
			"band": "FL",
			"description": "All of Today's Biggest Hits",
			"name": "Hit Nation",
			"state": "",
			"imageCommand": {
				"command": "getImage",
				"params": {
					"type": "live",
					"id": "4422",
					"subType": "live"
				}
			},
			"frequency": "0.0",
			"type": "live",
			"city": "National"
		}, {
			"callLetter": "ILOV-HD",
			"id": "5162",
			"band": "HD",
			"description": "Contemporary Christian Music KLOVE",
			"name": "K-LOVE",
			"state": "",
			"imageCommand": {
				"command": "getImage",
				"params": {
					"type": "live",
					"id": "5162",
					"subType": "live"
				}
			},
			"frequency": "0.0",
			"type": "live",
			"city": "National"
		}, {
			"callLetter": "IEIG-FL",
			"id": "5060",
			"band": "FL",
			"description": "Hits from the 80s",
			"name": "My 80s",
			"state": "",
			"imageCommand": {
				"command": "getImage",
				"params": {
					"type": "live",
					"id": "5060",
					"subType": "live"
				}
			},
			"frequency": "0.0",
			"type": "live",
			"city": "National"
		}, {
			"callLetter": "IACT-FL",
			"id": "4443",
			"band": "FL",
			"description": "Look Ma!  Rock Music!",
			"name": "Rock Nation",
			"state": "",
			"imageCommand": {
				"command": "getImage",
				"params": {
					"type": "live",
					"id": "4443",
					"subType": "live"
				}
			},
			"frequency": "0.0",
			"type": "live",
			"city": "National"
		}, {
			"callLetter": "ISCH-FL",
			"id": "4824",
			"band": "FL",
			"description": "The world according to Schnitt",
			"name": "Schnitt Show",
			"state": "FL",
			"imageCommand": {
				"command": "getImage",
				"params": {
					"type": "live",
					"id": "4824",
					"subType": "live"
				}
			},
			"frequency": "0.0",
			"type": "live",
			"city": "Tampa"
		}, {
			"callLetter": "IMAC-FL",
			"id": "4414",
			"band": "FL",
			"description": "Best Variety from Yesterday & Today",
			"name": "Soft Rock",
			"state": "",
			"imageCommand": {
				"command": "getImage",
				"params": {
					"type": "live",
					"id": "4414",
					"subType": "live"
				}
			},
			"frequency": "0.0",
			"type": "live",
			"city": "National"
		}, {
			"callLetter": "ISPI-FL",
			"id": "4776",
			"band": "FL",
			"description": "Mixing and Remixing The Hits 24\/7",
			"name": "Spin Cycle",
			"state": "",
			"imageCommand": {
				"command": "getImage",
				"params": {
					"type": "live",
					"id": "4776",
					"subType": "live"
				}
			},
			"frequency": "0.0",
			"type": "live",
			"city": "National"
		}, {
			"callLetter": "IURB-FL",
			"id": "4429",
			"band": "FL",
			"description": "Hip Hop, R&B and Back in the Day Joints",
			"name": "The Beat",
			"state": "",
			"imageCommand": {
				"command": "getImage",
				"params": {
					"type": "live",
					"id": "4429",
					"subType": "live"
				}
			},
			"frequency": "0.0",
			"type": "live",
			"city": "National"
		}, {
			"callLetter": "IRCH-FL",
			"id": "4722",
			"band": "FL",
			"description": "Today's Hottest Party Hits",
			"name": "WiLD",
			"state": "",
			"imageCommand": {
				"command": "getImage",
				"params": {
					"type": "live",
					"id": "4722",
					"subType": "live"
				}
			},
			"frequency": "0.0",
			"type": "live",
			"city": "National"
		}
	],
	"errors": null
}