{
	"stations": [
		{
			"callLetter": "WYXB-FM",
			"id": "6044",
			"band": "FM",
			"description": "Indy's Soft Rock B 105.7",
			"name": "Soft Rock B105.7",
			"state": "IN",
			"imageCommand": {
				"command": "getImage",
				"params": {
					"type": "live",
					"id": "6044",
					"subType": "live"
				}
			},
			"frequency": "105.7",
			"type": "live",
			"city": "Indianapolis"
		}, {
			"callLetter": "WCGX-FM",
			"id": "3632",
			"band": "FM",
			"description": "Columbus' Alternative Station",
			"name": "X106.7",
			"state": "OH",
			"imageCommand": {
				"command": "getImage",
				"params": {
					"type": "live",
					"id": "3632",
					"subType": "live"
				}
			},
			"frequency": "106.7",
			"type": "live",
			"city": "Columbus"
		}, {
			"callLetter": "KVDU-FM",
			"id": "1041",
			"band": "FM",
			"description": "New Orleans Retro, Rock & Dance",
			"name": "Voodoo 104",
			"state": "LA",
			"imageCommand": {
				"command": "getImage",
				"params": {
					"type": "live",
					"id": "1041",
					"subType": "live"
				}
			},
			"frequency": "104.1",
			"type": "live",
			"city": "New Orleans"
		}, {
			"callLetter": "WLGX-FM",
			"id": "973",
			"band": "FM",
			"description": "Louisville's Retro Hits for Generation X",
			"name": "Gen X Radio 100.5",
			"state": "KY",
			"imageCommand": {
				"command": "getImage",
				"params": {
					"type": "live",
					"id": "973",
					"subType": "live"
				}
			},
			"frequency": "100.5",
			"type": "live",
			"city": "Louisville"
		}, {
			"callLetter": "KHJZ-FM",
			"id": "825",
			"band": "FM",
			"description": "Hawaii's Ol' Skool 4 UR Generation",
			"name": "93.9 JAMZ",
			"state": "HI",
			"imageCommand": {
				"command": "getImage",
				"params": {
					"type": "live",
					"id": "825",
					"subType": "live"
				}
			},
			"frequency": "93.9",
			"type": "live",
			"city": "Honolulu"
		}, {
			"callLetter": "WMGV-FM",
			"id": "5879",
			"band": "FM",
			"description": "Your Music Mix – Eastern North Carolina",
			"name": "V103.3 WMGV",
			"state": "NC",
			"imageCommand": {
				"command": "getImage",
				"params": {
					"type": "live",
					"id": "5879",
					"subType": "live"
				}
			},
			"frequency": "103.3",
			"type": "live",
			"city": "Greenville-New Bern-Jacksonville"
		}, {
			"callLetter": "WLXC-FM",
			"id": "5478",
			"band": "FM",
			"description": "Columbia's Best Variety of R&B ",
			"name": "Kiss 103.1FM",
			"state": "SC",
			"imageCommand": {
				"command": "getImage",
				"params": {
					"type": "live",
					"id": "5478",
					"subType": "live"
				}
			},
			"frequency": "103.1",
			"type": "live",
			"city": "Columbia"
		}, {
			"callLetter": "WCDV-FM",
			"id": "5445",
			"band": "FM",
			"description": "Baton Rouge's Music For Generation X",
			"name": "GEN X 103.3",
			"state": "LA",
			"imageCommand": {
				"command": "getImage",
				"params": {
					"type": "live",
					"id": "5445",
					"subType": "live"
				}
			},
			"frequency": "103.3",
			"type": "live",
			"city": "Baton Rouge"
		}, {
			"callLetter": "WWFF-FM",
			"id": "5533",
			"band": "FM",
			"description": "Totally 80's & 90's for Huntsville",
			"name": "Journey 93.3",
			"state": "AL",
			"imageCommand": {
				"command": "getImage",
				"params": {
					"type": "live",
					"id": "5533",
					"subType": "live"
				}
			},
			"frequency": "93.3",
			"type": "live",
			"city": "Huntsville"
		}, {
			"callLetter": "ICBG-FL",
			"id": "4673",
			"band": "FL",
			"description": "The Home of Underground Rock",
			"name": "CBGB Radio",
			"state": "",
			"imageCommand": {
				"command": "getImage",
				"params": {
					"type": "live",
					"id": "4673",
					"subType": "live"
				}
			},
			"frequency": "0.0",
			"type": "live",
			"city": "National"
		}, {
			"callLetter": "IPHU-FL",
			"id": "4828",
			"band": "FL",
			"description": "Your dance music, 24\/7",
			"name": "Club Phusion",
			"state": "",
			"imageCommand": {
				"command": "getImage",
				"params": {
					"type": "live",
					"id": "4828",
					"subType": "live"
				}
			},
			"frequency": "0.0",
			"type": "live",
			"city": "National"
		}, {
			"callLetter": "IGEN-FL",
			"id": "5322",
			"band": "FL",
			"description": "Grunge, Hip Hop, Hair Bands & More",
			"name": "Gen X Radio",
			"state": "",
			"imageCommand": {
				"command": "getImage",
				"params": {
					"type": "live",
					"id": "5322",
					"subType": "live"
				}
			},
			"frequency": "0.0",
			"type": "live",
			"city": "National"
		}, {
			"callLetter": "IKAT-FL",
			"id": "5600",
			"band": "FL",
			"description": "The music Katy loved growing up",
			"name": "Katy Perry: Part Of Me Radio",
			"state": "",
			"imageCommand": {
				"command": "getImage",
				"params": {
					"type": "live",
					"id": "5600",
					"subType": "live"
				}
			},
			"frequency": "0.0",
			"type": "live",
			"city": "National"
		}, {
			"callLetter": "-FM",
			"id": "1745",
			"band": "FM",
			"description": "Cleveland's Best Mix",
			"name": "Mix 106.5",
			"state": "OH",
			"imageCommand": {
				"command": "getImage",
				"params": {
					"type": "live",
					"id": "1745",
					"subType": "live"
				}
			},
			"frequency": "106.5",
			"type": "live",
			"city": "Cleveland"
		}, {
			"callLetter": "IEIG-FL",
			"id": "5060",
			"band": "FL",
			"description": "Hits from the 80s",
			"name": "My 80s",
			"state": "",
			"imageCommand": {
				"command": "getImage",
				"params": {
					"type": "live",
					"id": "5060",
					"subType": "live"
				}
			},
			"frequency": "0.0",
			"type": "live",
			"city": "National"
		}, {
			"callLetter": "IEVD-FL",
			"id": "5046",
			"band": "FL",
			"description": "Barry's favorite songs and stories",
			"name": "Radio Manilow",
			"state": "",
			"imageCommand": {
				"command": "getImage",
				"params": {
					"type": "live",
					"id": "5046",
					"subType": "live"
				}
			},
			"frequency": "0.0",
			"type": "live",
			"city": "National"
		}, {
			"callLetter": "IRAC-FL",
			"id": "4724",
			"band": "FL",
			"description": "Move To The Music",
			"name": "Rhythmix",
			"state": "",
			"imageCommand": {
				"command": "getImage",
				"params": {
					"type": "live",
					"id": "4724",
					"subType": "live"
				}
			},
			"frequency": "0.0",
			"type": "live",
			"city": "National"
		}, {
			"callLetter": "IMAC-FL",
			"id": "4414",
			"band": "FL",
			"description": "Best Variety from Yesterday & Today",
			"name": "Soft Rock",
			"state": "",
			"imageCommand": {
				"command": "getImage",
				"params": {
					"type": "live",
					"id": "4414",
					"subType": "live"
				}
			},
			"frequency": "0.0",
			"type": "live",
			"city": "National"
		}, {
			"callLetter": "ISPI-FL",
			"id": "4776",
			"band": "FL",
			"description": "Mixing and Remixing The Hits 24\/7",
			"name": "Spin Cycle",
			"state": "",
			"imageCommand": {
				"command": "getImage",
				"params": {
					"type": "live",
					"id": "4776",
					"subType": "live"
				}
			},
			"frequency": "0.0",
			"type": "live",
			"city": "National"
		}
	],
	"errors": null
}
