{
	"stations": [
		{
			"timestamp": "1352889011089",
			"seedValue": "14796270",
			"id": "50a33959f0f0831e77898471",
			"name": "The Sound of Winter",
			"imageCommand": {
				"command": "getImage",
				"params": {
					"type": "custom",
					"id": "14796270",
					"subType": "track"
				}
			},
			"varietyLevel": "3",
			"seedType": "track",
			"type": "custom"
		}, {
			"timestamp": "1352888886164",
			"callLetter": "WLW-AM",
			"id": "1713",
			"band": "AM",
			"description": "Cincinnati-The Big One",
			"name": "700WLW",
			"state": "OH",
			"imageCommand": {
				"command": "getImage",
				"params": {
					"type": "live",
					"id": "1713",
					"subType": "live"
				}
			},
			"frequency": "700.0",
			"type": "live",
			"city": "Cincinnati"
		}, {
			"timestamp": "1352888875936",
			"callLetter": "WOR-AM",
			"id": "5874",
			"band": "AM",
			"description": "New York’s Top Station for News & Talk",
			"name": "WOR 710 AM",
			"state": "NY",
			"imageCommand": {
				"command": "getImage",
				"params": {
					"type": "live",
					"id": "5874",
					"subType": "live"
				}
			},
			"frequency": "710.0",
			"type": "live",
			"city": "New York"
		}, {
			"timestamp": "1352888585625",
			"callLetter": "WCGX-FM",
			"id": "3632",
			"band": "FM",
			"description": "Columbus' Alternative Station",
			"name": "X106.7",
			"state": "OH",
			"imageCommand": {
				"command": "getImage",
				"params": {
					"type": "live",
					"id": "3632",
					"subType": "live"
				}
			},
			"frequency": "106.7",
			"type": "live",
			"city": "Columbus"
		}, {
			"timestamp": "1352888570482",
			"callLetter": "WKTU-FM",
			"id": "1473",
			"band": "FM",
			"description": "The Beat of New York",
			"name": "103.5 KTU",
			"state": "NY",
			"imageCommand": {
				"command": "getImage",
				"params": {
					"type": "live",
					"id": "1473",
					"subType": "live"
				}
			},
			"frequency": "103.5",
			"type": "live",
			"city": "New York"
		}, {
			"timestamp": "1352888539319",
			"callLetter": "KUSC-FM",
			"id": "5258",
			"band": "FM",
			"description": "Los Angeles’ Classical Station",
			"name": "Classical KUSC",
			"state": "CA",
			"imageCommand": {
				"command": "getImage",
				"params": {
					"type": "live",
					"id": "5258",
					"subType": "live"
				}
			},
			"frequency": "92.1",
			"type": "live",
			"city": "Los Angeles"
		}, {
			"timestamp": "1352874323161",
			"seedValue": "15104551",
			"id": "50a3394284ae0663b31c56e4",
			"name": "Baby Come Home",
			"imageCommand": {
				"command": "getImage",
				"params": {
					"type": "custom",
					"id": "15104551",
					"subType": "track"
				}
			},
			"varietyLevel": "1",
			"seedType": "track",
			"type": "custom"
		}, {
			"timestamp": "1352874224867",
			"seedValue": "18944383",
			"id": "50a3360284ae0663b31c5604",
			"name": "She's So Mean",
			"imageCommand": {
				"command": "getImage",
				"params": {
					"type": "custom",
					"id": "18944383",
					"subType": "track"
				}
			},
			"varietyLevel": "1",
			"seedType": "track",
			"type": "custom"
		}, {
			"timestamp": "1352874220440",
			"seedValue": "17491976",
			"id": "50a336b4f0f052e6bc928877",
			"name": "50 Ways To Say Goodbye",
			"imageCommand": {
				"command": "getImage",
				"params": {
					"type": "custom",
					"id": "17491976",
					"subType": "track"
				}
			},
			"varietyLevel": "1",
			"seedType": "track",
			"type": "custom"
		}, {
			"timestamp": "1352873452742",
			"callLetter": "KTOZ-FM",
			"id": "1269",
			"band": "FM",
			"description": "Springfield’s 90’s to Now!",
			"name": "Alice 95.5",
			"state": "MO",
			"imageCommand": {
				"command": "getImage",
				"params": {
					"type": "live",
					"id": "1269",
					"subType": "live"
				}
			},
			"frequency": "95.5",
			"type": "live",
			"city": "Springfield"
		}, {
			"timestamp": "1352873414630",
			"callLetter": "WABC-AM",
			"id": "5349",
			"band": "AM",
			"description": "NYC's Breaking News and Stimulating Talk",
			"name": "77 WABC",
			"state": "NY",
			"imageCommand": {
				"command": "getImage",
				"params": {
					"type": "live",
					"id": "5349",
					"subType": "live"
				}
			},
			"frequency": "770.0",
			"type": "live",
			"city": "New York"
		}, {
			"callLetter": "WPEN-FM",
			"id": "5295",
			"band": "FM",
			"description": "Philly's First FM Sports Station",
			"name": "97.5 The Fanatic",
			"state": "PA",
			"imageCommand": {
				"command": "getImage",
				"params": {
					"type": "live",
					"id": "5295",
					"subType": "live"
				}
			},
			"frequency": "97.5",
			"type": "live",
			"city": "Philadelphia"
		}, {
			"callLetter": "WTVR-FM",
			"id": "2477",
			"band": "FM",
			"description": "Today's Lite98",
			"name": "Lite 98",
			"state": "VA",
			"imageCommand": {
				"command": "getImage",
				"params": {
					"type": "live",
					"id": "2477",
					"subType": "live"
				}
			},
			"frequency": "98.1",
			"type": "live",
			"city": "Richmond"
		}, {
			"callLetter": "KVYB-FM",
			"id": "5703",
			"band": "FM",
			"description": "The Beat of the Central Coast",
			"name": "The Vibe",
			"state": "CA",
			"imageCommand": {
				"command": "getImage",
				"params": {
					"type": "live",
					"id": "5703",
					"subType": "live"
				}
			},
			"frequency": "103.3",
			"type": "live",
			"city": "Oxnard"
		}, {
			"callLetter": "WHHY-FM",
			"id": "5587",
			"band": "FM",
			"description": "All the Hits for Montgomery",
			"name": "Y 102",
			"state": "AL",
			"imageCommand": {
				"command": "getImage",
				"params": {
					"type": "live",
					"id": "5587",
					"subType": "live"
				}
			},
			"frequency": "101.9",
			"type": "live",
			"city": "Montgomery"
		}
	],
	"errors": null
}