{
	"errors": null,
	"recentStations": [
		{
			"timestamp": "1352269443792",
			"seedValue": "41458",
			"id": "50173f4384ae20753bb321e5",
			"name": "Dr. Dre",
			"imageCommand": {
				"command": "getImage",
				"params": {
					"type": "custom",
					"id": "41458",
					"subType": "artist"
				}
			},
			"varietyLevel": "1",
			"seedType": "artist",
			"type": "custom"
		}, {
			"timestamp": "1351833154042",
			"seedValue": "39193",
			"id": "5093563284ae5f08c875a9bc",
			"name": "The Moody Blues",
			"imageCommand": {
				"command": "getImage",
				"params": {
					"type": "custom",
					"id": "39193",
					"subType": "artist"
				}
			},
			"varietyLevel": "1",
			"seedType": "artist",
			"type": "custom"
		}, {
			"timestamp": "1351832916953",
			"callLetter": "WKSC-FM",
			"id": "849",
			"band": "FM",
			"description": "Chicago",
			"name": "103.5 KISS FM",
			"state": "IL",
			"imageCommand": {
				"command": "getImage",
				"params": {
					"type": "live",
					"id": "849",
					"subType": "live"
				}
			},
			"frequency": "103.5",
			"type": "live",
			"city": "Chicago"
		}, {
			"timestamp": "1351832909549",
			"callLetter": "KIIS-FM",
			"id": "185",
			"band": "FM",
			"description": "L.A.'s #1 Hit Music Station",
			"name": "102.7 KIIS-FM",
			"state": "CA",
			"imageCommand": {
				"command": "getImage",
				"params": {
					"type": "live",
					"id": "185",
					"subType": "live"
				}
			},
			"frequency": "102.7",
			"type": "live",
			"city": "Los Angeles"
		}, {
			"timestamp": "1351832885150",
			"callLetter": "KVYB-FM",
			"id": "5703",
			"band": "FM",
			"description": "The Beat of the Central Coast",
			"name": "The Vibe",
			"state": "CA",
			"imageCommand": {
				"command": "getImage",
				"params": {
					"type": "live",
					"id": "5703",
					"subType": "live"
				}
			},
			"frequency": "103.3",
			"type": "live",
			"city": "Oxnard"
		}, {
			"timestamp": "1351832805734",
			"seedValue": "822649",
			"id": "4ffd40adf0f09d800c6df642",
			"name": "All Apologies",
			"imageCommand": {
				"command": "getImage",
				"params": {
					"type": "custom",
					"id": "822649",
					"subType": "track"
				}
			},
			"varietyLevel": "1",
			"seedType": "track",
			"type": "custom"
		}
	]
}