{
	"states": [
		{
			"position": "0",
			"menuText": "Alabama",
			"actionCommand": {
				"command": "liveStationsCitiesMenu",
				"params": {
					"stateId": "1"
				}
			},
			"name": "1"
		}, {
			"position": "1",
			"menuText": "Alaska",
			"actionCommand": {
				"command": "liveStationsCitiesMenu",
				"params": {
					"stateId": "2"
				}
			},
			"name": "2"
		}, {
			"position": "2",
			"menuText": "Arizona",
			"actionCommand": {
				"command": "liveStationsCitiesMenu",
				"params": {
					"stateId": "4"
				}
			},
			"name": "4"
		}, {
			"position": "3",
			"menuText": "Arkansas",
			"actionCommand": {
				"command": "liveStationsCitiesMenu",
				"params": {
					"stateId": "5"
				}
			},
			"name": "5"
		}, {
			"position": "4",
			"menuText": "California",
			"actionCommand": {
				"command": "liveStationsCitiesMenu",
				"params": {
					"stateId": "6"
				}
			},
			"name": "6"
		}, {
			"position": "5",
			"menuText": "Colorado",
			"actionCommand": {
				"command": "liveStationsCitiesMenu",
				"params": {
					"stateId": "7"
				}
			},
			"name": "7"
		}, {
			"position": "6",
			"menuText": "Connecticut",
			"actionCommand": {
				"command": "liveStationsCitiesMenu",
				"params": {
					"stateId": "8"
				}
			},
			"name": "8"
		}, {
			"position": "7",
			"menuText": "Delaware",
			"actionCommand": {
				"command": "liveStationsCitiesMenu",
				"params": {
					"stateId": "9"
				}
			},
			"name": "9"
		}, {
			"position": "8",
			"menuText": "District Of Columbia",
			"actionCommand": {
				"command": "liveStationsCitiesMenu",
				"params": {
					"stateId": "10"
				}
			},
			"name": "10"
		}, {
			"position": "9",
			"menuText": "Florida",
			"actionCommand": {
				"command": "liveStationsCitiesMenu",
				"params": {
					"stateId": "12"
				}
			},
			"name": "12"
		}, {
			"position": "10",
			"menuText": "Georgia",
			"actionCommand": {
				"command": "liveStationsCitiesMenu",
				"params": {
					"stateId": "13"
				}
			},
			"name": "13"
		}, {
			"position": "11",
			"menuText": "Hawaii",
			"actionCommand": {
				"command": "liveStationsCitiesMenu",
				"params": {
					"stateId": "15"
				}
			},
			"name": "15"
		}, {
			"position": "12",
			"menuText": "Idaho",
			"actionCommand": {
				"command": "liveStationsCitiesMenu",
				"params": {
					"stateId": "16"
				}
			},
			"name": "16"
		}, {
			"position": "13",
			"menuText": "Illinois",
			"actionCommand": {
				"command": "liveStationsCitiesMenu",
				"params": {
					"stateId": "17"
				}
			},
			"name": "17"
		}, {
			"position": "14",
			"menuText": "Indiana",
			"actionCommand": {
				"command": "liveStationsCitiesMenu",
				"params": {
					"stateId": "18"
				}
			},
			"name": "18"
		}, {
			"position": "15",
			"menuText": "Iowa",
			"actionCommand": {
				"command": "liveStationsCitiesMenu",
				"params": {
					"stateId": "19"
				}
			},
			"name": "19"
		}, {
			"position": "16",
			"menuText": "Kansas",
			"actionCommand": {
				"command": "liveStationsCitiesMenu",
				"params": {
					"stateId": "20"
				}
			},
			"name": "20"
		}, {
			"position": "17",
			"menuText": "Kentucky",
			"actionCommand": {
				"command": "liveStationsCitiesMenu",
				"params": {
					"stateId": "21"
				}
			},
			"name": "21"
		}, {
			"position": "18",
			"menuText": "Louisiana",
			"actionCommand": {
				"command": "liveStationsCitiesMenu",
				"params": {
					"stateId": "22"
				}
			},
			"name": "22"
		}, {
			"position": "19",
			"menuText": "Maine",
			"actionCommand": {
				"command": "liveStationsCitiesMenu",
				"params": {
					"stateId": "23"
				}
			},
			"name": "23"
		}, {
			"position": "20",
			"menuText": "Maryland",
			"actionCommand": {
				"command": "liveStationsCitiesMenu",
				"params": {
					"stateId": "25"
				}
			},
			"name": "25"
		}, {
			"position": "21",
			"menuText": "Massachusetts",
			"actionCommand": {
				"command": "liveStationsCitiesMenu",
				"params": {
					"stateId": "26"
				}
			},
			"name": "26"
		}, {
			"position": "22",
			"menuText": "Michigan",
			"actionCommand": {
				"command": "liveStationsCitiesMenu",
				"params": {
					"stateId": "27"
				}
			},
			"name": "27"
		}, {
			"position": "23",
			"menuText": "Minnesota",
			"actionCommand": {
				"command": "liveStationsCitiesMenu",
				"params": {
					"stateId": "28"
				}
			},
			"name": "28"
		}, {
			"position": "24",
			"menuText": "Mississippi",
			"actionCommand": {
				"command": "liveStationsCitiesMenu",
				"params": {
					"stateId": "29"
				}
			},
			"name": "29"
		}, {
			"position": "25",
			"menuText": "Missouri",
			"actionCommand": {
				"command": "liveStationsCitiesMenu",
				"params": {
					"stateId": "30"
				}
			},
			"name": "30"
		}, {
			"position": "26",
			"menuText": "Nebraska",
			"actionCommand": {
				"command": "liveStationsCitiesMenu",
				"params": {
					"stateId": "32"
				}
			},
			"name": "32"
		}, {
			"position": "27",
			"menuText": "Nevada",
			"actionCommand": {
				"command": "liveStationsCitiesMenu",
				"params": {
					"stateId": "33"
				}
			},
			"name": "33"
		}, {
			"position": "28",
			"menuText": "New Hampshire",
			"actionCommand": {
				"command": "liveStationsCitiesMenu",
				"params": {
					"stateId": "34"
				}
			},
			"name": "34"
		}, {
			"position": "29",
			"menuText": "New Jersey",
			"actionCommand": {
				"command": "liveStationsCitiesMenu",
				"params": {
					"stateId": "35"
				}
			},
			"name": "35"
		}, {
			"position": "30",
			"menuText": "New Mexico",
			"actionCommand": {
				"command": "liveStationsCitiesMenu",
				"params": {
					"stateId": "36"
				}
			},
			"name": "36"
		}, {
			"position": "31",
			"menuText": "New York",
			"actionCommand": {
				"command": "liveStationsCitiesMenu",
				"params": {
					"stateId": "37"
				}
			},
			"name": "37"
		}, {
			"position": "32",
			"menuText": "North Carolina",
			"actionCommand": {
				"command": "liveStationsCitiesMenu",
				"params": {
					"stateId": "38"
				}
			},
			"name": "38"
		}, {
			"position": "33",
			"menuText": "North Dakota",
			"actionCommand": {
				"command": "liveStationsCitiesMenu",
				"params": {
					"stateId": "39"
				}
			},
			"name": "39"
		}, {
			"position": "34",
			"menuText": "Ohio",
			"actionCommand": {
				"command": "liveStationsCitiesMenu",
				"params": {
					"stateId": "41"
				}
			},
			"name": "41"
		}, {
			"position": "35",
			"menuText": "Oklahoma",
			"actionCommand": {
				"command": "liveStationsCitiesMenu",
				"params": {
					"stateId": "42"
				}
			},
			"name": "42"
		}, {
			"position": "36",
			"menuText": "Oregon",
			"actionCommand": {
				"command": "liveStationsCitiesMenu",
				"params": {
					"stateId": "43"
				}
			},
			"name": "43"
		}, {
			"position": "37",
			"menuText": "Pennsylvania",
			"actionCommand": {
				"command": "liveStationsCitiesMenu",
				"params": {
					"stateId": "45"
				}
			},
			"name": "45"
		}, {
			"position": "38",
			"menuText": "Puerto Rico",
			"actionCommand": {
				"command": "liveStationsCitiesMenu",
				"params": {
					"stateId": "46"
				}
			},
			"name": "46"
		}, {
			"position": "39",
			"menuText": "Rhode Island",
			"actionCommand": {
				"command": "liveStationsCitiesMenu",
				"params": {
					"stateId": "47"
				}
			},
			"name": "47"
		}, {
			"position": "40",
			"menuText": "South Carolina",
			"actionCommand": {
				"command": "liveStationsCitiesMenu",
				"params": {
					"stateId": "48"
				}
			},
			"name": "48"
		}, {
			"position": "41",
			"menuText": "Tennessee",
			"actionCommand": {
				"command": "liveStationsCitiesMenu",
				"params": {
					"stateId": "50"
				}
			},
			"name": "50"
		}, {
			"position": "42",
			"menuText": "Texas",
			"actionCommand": {
				"command": "liveStationsCitiesMenu",
				"params": {
					"stateId": "51"
				}
			},
			"name": "51"
		}, {
			"position": "43",
			"menuText": "Utah",
			"actionCommand": {
				"command": "liveStationsCitiesMenu",
				"params": {
					"stateId": "52"
				}
			},
			"name": "52"
		}, {
			"position": "44",
			"menuText": "Virginia",
			"actionCommand": {
				"command": "liveStationsCitiesMenu",
				"params": {
					"stateId": "55"
				}
			},
			"name": "55"
		}, {
			"position": "45",
			"menuText": "Washington",
			"actionCommand": {
				"command": "liveStationsCitiesMenu",
				"params": {
					"stateId": "56"
				}
			},
			"name": "56"
		}, {
			"position": "46",
			"menuText": "West Virginia",
			"actionCommand": {
				"command": "liveStationsCitiesMenu",
				"params": {
					"stateId": "57"
				}
			},
			"name": "57"
		}, {
			"position": "47",
			"menuText": "Wisconsin",
			"actionCommand": {
				"command": "liveStationsCitiesMenu",
				"params": {
					"stateId": "58"
				}
			},
			"name": "58"
		}, {
			"position": "48",
			"menuText": "Wyoming",
			"actionCommand": {
				"command": "liveStationsCitiesMenu",
				"params": {
					"stateId": "59"
				}
			},
			"name": "59"
		}
	],
	"errors": null
}