{
	"nearbyStations": [
		{
			"callLetter": "WLTW-FM",
			"id": "1477",
			"band": "FM",
			"description": "New York's Best Variety",
			"name": "106.7 Lite fm",
			"state": "NY",
			"imageCommand": {
				"command": "getImage",
				"params": {
					"type": "live",
					"id": "1477",
					"subType": "live"
				}
			},
			"frequency": "106.7",
			"type": "live",
			"city": "New York"
		}, {
			"callLetter": "WKTU-FM",
			"id": "1473",
			"band": "FM",
			"description": "The Beat of New York",
			"name": "103.5 KTU",
			"state": "NY",
			"imageCommand": {
				"command": "getImage",
				"params": {
					"type": "live",
					"id": "1473",
					"subType": "live"
				}
			},
			"frequency": "103.5",
			"type": "live",
			"city": "New York"
		}, {
			"callLetter": "WHTZ-FM",
			"id": "1469",
			"band": "FM",
			"description": "New York's Hit Music Station",
			"name": "Z100",
			"state": "NY",
			"imageCommand": {
				"command": "getImage",
				"params": {
					"type": "live",
					"id": "1469",
					"subType": "live"
				}
			},
			"frequency": "100.3",
			"type": "live",
			"city": "New York"
		}, {
			"callLetter": "WAXQ-FM",
			"id": "1465",
			"band": "FM",
			"description": "New York's Classic Rock",
			"name": "Q104.3",
			"state": "NY",
			"imageCommand": {
				"command": "getImage",
				"params": {
					"type": "live",
					"id": "1465",
					"subType": "live"
				}
			},
			"frequency": "104.3",
			"type": "live",
			"city": "New York"
		}, {
			"callLetter": "WWPR-FM",
			"id": "1481",
			"band": "FM",
			"description": "New York R&B and Only the Best Hip-Hop",
			"name": "Power 105.1",
			"state": "NY",
			"imageCommand": {
				"command": "getImage",
				"params": {
					"type": "live",
					"id": "1481",
					"subType": "live"
				}
			},
			"frequency": "105.1",
			"type": "live",
			"city": "New York"
		}, {
			"callLetter": "WQHT-FM",
			"id": "6046",
			"band": "FM",
			"description": "Where Hip Hop Lives in New York",
			"name": "HOT 97",
			"state": "NY",
			"imageCommand": {
				"command": "getImage",
				"params": {
					"type": "live",
					"id": "6046",
					"subType": "live"
				}
			},
			"frequency": "97.1",
			"type": "live",
			"city": "New York"
		}, {
			"callLetter": "WPLJ-FM",
			"id": "5371",
			"band": "FM",
			"description": "Scott & Todd and New York's Best Music",
			"name": "95-5 PLJ",
			"state": "NY",
			"imageCommand": {
				"command": "getImage",
				"params": {
					"type": "live",
					"id": "5371",
					"subType": "live"
				}
			},
			"frequency": "95.5",
			"type": "live",
			"city": "New York"
		}, {
			"callLetter": "WXNY-FM",
			"id": "5173",
			"band": "FM",
			"description": "New York's Pop Latino Station",
			"name": "X96.3",
			"state": "NY",
			"imageCommand": {
				"command": "getImage",
				"params": {
					"type": "live",
					"id": "5173",
					"subType": "live"
				}
			},
			"frequency": "96.3",
			"type": "live",
			"city": "New York"
		}, {
			"callLetter": "WABC-AM",
			"id": "5349",
			"band": "AM",
			"description": "NYC's Breaking News and Stimulating Talk",
			"name": "77 WABC",
			"state": "NY",
			"imageCommand": {
				"command": "getImage",
				"params": {
					"type": "live",
					"id": "5349",
					"subType": "live"
				}
			},
			"frequency": "770.0",
			"type": "live",
			"city": "New York"
		}, {
			"callLetter": "WBLI-FM",
			"id": "5902",
			"band": "FM",
			"description": "Long Island's #1 Hit Music Station",
			"name": "106.1 BLI",
			"state": "NY",
			"imageCommand": {
				"command": "getImage",
				"params": {
					"type": "live",
					"id": "5902",
					"subType": "live"
				}
			},
			"frequency": "106.1",
			"type": "live",
			"city": "Long Island"
		}, {
			"callLetter": "WOR-AM",
			"id": "5874",
			"band": "AM",
			"description": "New York Top Station for News & Talk",
			"name": "WOR 710 AM",
			"state": "NY",
			"imageCommand": {
				"command": "getImage",
				"params": {
					"type": "live",
					"id": "5874",
					"subType": "live"
				}
			},
			"frequency": "710.0",
			"type": "live",
			"city": "New York"
		}, {
			"callLetter": "WNYC-FM",
			"id": "5068",
			"band": "FM",
			"description": "Public Radio from New York to the World",
			"name": "WNYC-FM News, Talk & Culture",
			"state": "NY",
			"imageCommand": {
				"command": "getImage",
				"params": {
					"type": "live",
					"id": "5068",
					"subType": "live"
				}
			},
			"frequency": "93.9",
			"type": "live",
			"city": "New York"
		}, {
			"callLetter": "WQXR-FM",
			"id": "5611",
			"band": "FM",
			"description": "New York's Classical Music Station",
			"name": "Classical WQXR",
			"state": "NY",
			"imageCommand": {
				"command": "getImage",
				"params": {
					"type": "live",
					"id": "5611",
					"subType": "live"
				}
			},
			"frequency": "105.9",
			"type": "live",
			"city": "New York"
		}, {
			"callLetter": "WDHA-FM",
			"id": "5289",
			"band": "FM",
			"description": "The Rock of New Jersey",
			"name": "105.5 WDHA",
			"state": "NJ",
			"imageCommand": {
				"command": "getImage",
				"params": {
					"type": "live",
					"id": "5289",
					"subType": "live"
				}
			},
			"frequency": "105.5",
			"type": "live",
			"city": "Morristown-Northern"
		}, {
			"callLetter": "WMGQ-FM",
			"id": "5291",
			"band": "FM",
			"description": "Jersey's Continuous Soft Rock",
			"name": "Magic 98.3",
			"state": "NJ",
			"imageCommand": {
				"command": "getImage",
				"params": {
					"type": "live",
					"id": "5291",
					"subType": "live"
				}
			},
			"frequency": "98.3",
			"type": "live",
			"city": "Middlesex-Somerset-Union"
		}, {
			"callLetter": "WEBE-FM",
			"id": "5661",
			"band": "FM",
			"description": "CT's Best Music Variety",
			"name": "WEBE 108",
			"state": "CT",
			"imageCommand": {
				"command": "getImage",
				"params": {
					"type": "live",
					"id": "5661",
					"subType": "live"
				}
			},
			"frequency": "107.9",
			"type": "live",
			"city": "Bridgeport"
		}, {
			"callLetter": "WADO-AM",
			"id": "5172",
			"band": "AM",
			"description": "WADO 1280 La Campeona de Nueva York",
			"name": "WADO 1280 AM",
			"state": "NY",
			"imageCommand": {
				"command": "getImage",
				"params": {
					"type": "live",
					"id": "5172",
					"subType": "live"
				}
			},
			"frequency": "1280.0",
			"type": "live",
			"city": "New York"
		}, {
			"callLetter": "WQBU-FM",
			"id": "5184",
			"band": "FM",
			"description": "Lo mejor del Regional en Nueva York",
			"name": "La Que Buena 92.7",
			"state": "NY",
			"imageCommand": {
				"command": "getImage",
				"params": {
					"type": "live",
					"id": "5184",
					"subType": "live"
				}
			},
			"frequency": "92.7",
			"type": "live",
			"city": "New York"
		}, {
			"callLetter": "WNYC-AM",
			"id": "5066",
			"band": "AM",
			"description": "Public Radio from New York to the World",
			"name": "WNYC-AM News, Talk & Culture",
			"state": "NY",
			"imageCommand": {
				"command": "getImage",
				"params": {
					"type": "live",
					"id": "5066",
					"subType": "live"
				}
			},
			"frequency": "820.0",
			"type": "live",
			"city": "New York"
		}, {
			"callLetter": "WFAS-FM",
			"id": "5824",
			"band": "FM",
			"description": "Westchester's Best Music Variety",
			"name": "103.9 WFAS",
			"state": "NY",
			"imageCommand": {
				"command": "getImage",
				"params": {
					"type": "live",
					"id": "5824",
					"subType": "live"
				}
			},
			"frequency": "103.9",
			"type": "live",
			"city": "Westchester"
		}, {
			"callLetter": "WNYM-AM",
			"id": "5999",
			"band": "AM",
			"description": "New York AM 970 The Answer",
			"name": "AM 970 The Answer",
			"state": "NY",
			"imageCommand": {
				"command": "getImage",
				"params": {
					"type": "live",
					"id": "5999",
					"subType": "live"
				}
			},
			"frequency": "970.0",
			"type": "live",
			"city": "New York"
		}, {
			"callLetter": "WKCI-FM",
			"id": "457",
			"band": "FM",
			"description": "Connecticut's Hit Music Station",
			"name": "KC101.3",
			"state": "CT",
			"imageCommand": {
				"command": "getImage",
				"params": {
					"type": "live",
					"id": "457",
					"subType": "live"
				}
			},
			"frequency": "101.3",
			"type": "live",
			"city": "New Haven"
		}, {
			"callLetter": "WDBY-FM",
			"id": "5652",
			"band": "FM",
			"description": "Today's Best Country for Danbury",
			"name": "Kicks 105.5",
			"state": "CT",
			"imageCommand": {
				"command": "getImage",
				"params": {
					"type": "live",
					"id": "5652",
					"subType": "live"
				}
			},
			"frequency": "105.5",
			"type": "live",
			"city": "Danbury"
		}, {
			"callLetter": "WMCA-AM",
			"id": "5998",
			"band": "AM",
			"description": "am 570 wmca New York",
			"name": "am 570 wmca",
			"state": "NY",
			"imageCommand": {
				"command": "getImage",
				"params": {
					"type": "live",
					"id": "5998",
					"subType": "live"
				}
			},
			"frequency": "570.0",
			"type": "live",
			"city": "New York"
		}, {
			"callLetter": "WRAT-FM",
			"id": "5292",
			"band": "FM",
			"description": "40 yrs of rock at the Jersey Shore",
			"name": "95.9 The Rat",
			"state": "NJ",
			"imageCommand": {
				"command": "getImage",
				"params": {
					"type": "live",
					"id": "5292",
					"subType": "live"
				}
			},
			"frequency": "95.9",
			"type": "live",
			"city": "Monmouth-Ocean"
		}, {
			"callLetter": "WRDW-FM",
			"id": "5820",
			"band": "FM",
			"description": "Philly's Party Station",
			"name": "Wired 96.5",
			"state": "PA",
			"imageCommand": {
				"command": "getImage",
				"params": {
					"type": "live",
					"id": "5820",
					"subType": "live"
				}
			},
			"frequency": "96.5",
			"type": "live",
			"city": "Philadelphia"
		}, {
			"callLetter": "WFAS-AM",
			"id": "5825",
			"band": "AM",
			"description": "Westchester's News & Talk Station",
			"name": "1230 WFAS",
			"state": "NY",
			"imageCommand": {
				"command": "getImage",
				"params": {
					"type": "live",
					"id": "5825",
					"subType": "live"
				}
			},
			"frequency": "1230.0",
			"type": "live",
			"city": "Westchester"
		}, {
			"callLetter": "WBAB-FM",
			"id": "5901",
			"band": "FM",
			"description": "Long Island's #1 Rock Station",
			"name": "102.3 WBAB",
			"state": "NY",
			"imageCommand": {
				"command": "getImage",
				"params": {
					"type": "live",
					"id": "5901",
					"subType": "live"
				}
			},
			"frequency": "102.3",
			"type": "live",
			"city": "Long Island"
		}, {
			"callLetter": "ICOM-PR",
			"id": "4902",
			"band": "PR",
			"description": "Funny. HAHA",
			"name": "24/7 Comedy",
			"state": "",
			"imageCommand": {
				"command": "getImage",
				"params": {
					"type": "live",
					"id": "4902",
					"subType": "live"
				}
			},
			"frequency": "0.0",
			"type": "live",
			"city": "National"
		}, {
			"callLetter": "IAIR-HD",
			"id": "5163",
			"band": "HD",
			"description": "Christian Music / Christian Pop - Air 1",
			"name": "Air1 Radio",
			"state": "",
			"imageCommand": {
				"command": "getImage",
				"params": {
					"type": "live",
					"id": "5163",
					"subType": "live"
				}
			},
			"frequency": "0.0",
			"type": "live",
			"city": "National"
		}, {
			"callLetter": "IUAC-FL",
			"id": "4433",
			"band": "FL",
			"description": "Today's R&B and The Best Old School",
			"name": "All My Jams",
			"state": "",
			"imageCommand": {
				"command": "getImage",
				"params": {
					"type": "live",
					"id": "4433",
					"subType": "live"
				}
			},
			"frequency": "0.0",
			"type": "live",
			"city": "National"
		}, {
			"callLetter": "AT40-PR",
			"id": "4802",
			"band": "PR",
			"description": "AT40 with Ryan Seacrest",
			"name": "American Top 40",
			"state": "CA",
			"imageCommand": {
				"command": "getImage",
				"params": {
					"type": "live",
					"id": "4802",
					"subType": "live"
				}
			},
			"frequency": "0.0",
			"type": "live",
			"city": "Los Angeles"
		}, {
			"callLetter": "ICLH-FL",
			"id": "4455",
			"band": "FL",
			"description": "Feel Good Songs of the 70's & 80's!",
			"name": "Big Classic Hits",
			"state": "",
			"imageCommand": {
				"command": "getImage",
				"params": {
					"type": "live",
					"id": "4455",
					"subType": "live"
				}
			},
			"frequency": "0.0",
			"type": "live",
			"city": "National"
		}, {
			"callLetter": "ICLA-FL",
			"id": "4592",
			"band": "FL",
			"description": "All Classical Music - All The Time",
			"name": "Classica",
			"state": "",
			"imageCommand": {
				"command": "getImage",
				"params": {
					"type": "live",
					"id": "4592",
					"subType": "live"
				}
			},
			"frequency": "0.0",
			"type": "live",
			"city": "National"
		}, {
			"callLetter": "IPHU-FL",
			"id": "4828",
			"band": "FL",
			"description": "Your dance music, 24/7",
			"name": "Club Phusion",
			"state": "",
			"imageCommand": {
				"command": "getImage",
				"params": {
					"type": "live",
					"id": "4828",
					"subType": "live"
				}
			},
			"frequency": "0.0",
			"type": "live",
			"city": "National"
		}, {
			"callLetter": "ICTY-FL",
			"id": "4418",
			"band": "FL",
			"description": "Real Songs About Real Life",
			"name": "Country Road",
			"state": "",
			"imageCommand": {
				"command": "getImage",
				"params": {
					"type": "live",
					"id": "4418",
					"subType": "live"
				}
			},
			"frequency": "0.0",
			"type": "live",
			"city": "National"
		}, {
			"callLetter": "EDMS-PR",
			"id": "4499",
			"band": "PR",
			"description": "Your Favorite Show is Always On",
			"name": "Elvis Duran Replay Channel",
			"state": "NY",
			"imageCommand": {
				"command": "getImage",
				"params": {
					"type": "live",
					"id": "4499",
					"subType": "live"
				}
			},
			"frequency": "0.0",
			"type": "live",
			"city": "New York"
		}, {
			"callLetter": "ILOV-HD",
			"id": "5162",
			"band": "HD",
			"description": "Contemporary Christian Music KLOVE",
			"name": "K-LOVE",
			"state": "",
			"imageCommand": {
				"command": "getImage",
				"params": {
					"type": "live",
					"id": "5162",
					"subType": "live"
				}
			},
			"frequency": "0.0",
			"type": "live",
			"city": "National"
		}, {
			"callLetter": "IMIA-FL",
			"id": "4451",
			"band": "FL",
			"description": "Mas Variedad Musical",
			"name": "MIA",
			"state": "",
			"imageCommand": {
				"command": "getImage",
				"params": {
					"type": "live",
					"id": "4451",
					"subType": "live"
				}
			},
			"frequency": "0.0",
			"type": "live",
			"city": "National"
		}, {
			"callLetter": "IPRI-FL",
			"id": "3949",
			"band": "FL",
			"description": "Your Life. Your Music.",
			"name": "Pride Radio",
			"state": "",
			"imageCommand": {
				"command": "getImage",
				"params": {
					"type": "live",
					"id": "3949",
					"subType": "live"
				}
			},
			"frequency": "0.0",
			"type": "live",
			"city": "National"
		}, {
			"callLetter": "IJAZ-FL",
			"id": "4242",
			"band": "FL",
			"description": "The Smoothest Place on the Planet",
			"name": "Smooth Jazz",
			"state": "",
			"imageCommand": {
				"command": "getImage",
				"params": {
					"type": "live",
					"id": "4242",
					"subType": "live"
				}
			},
			"frequency": "0.0",
			"type": "live",
			"city": "National"
		}, {
			"callLetter": "IALT-FL",
			"id": "4447",
			"band": "FL",
			"description": "Ear holes wanted!",
			"name": "The Alternative Project",
			"state": "",
			"imageCommand": {
				"command": "getImage",
				"params": {
					"type": "live",
					"id": "4447",
					"subType": "live"
				}
			},
			"frequency": "0.0",
			"type": "live",
			"city": "National"
		}, {
			"callLetter": "IHAC-FL",
			"id": "4409",
			"band": "FL",
			"description": "The 90's to Now",
			"name": "Today's Mix",
			"state": "",
			"imageCommand": {
				"command": "getImage",
				"params": {
					"type": "live",
					"id": "4409",
					"subType": "live"
				}
			},
			"frequency": "0.0",
			"type": "live",
			"city": "National"
		}, {
			"callLetter": "NYC-FL",
			"id": "6109",
			"band": "FL",
			"description": "Local updates for New York City",
			"name": "Traffic, Weather and News",
			"state": "NY",
			"imageCommand": {
				"command": "getImage",
				"params": {
					"type": "live",
					"id": "6109",
					"subType": "live"
				}
			},
			"frequency": "0.0",
			"type": "live",
			"city": "New York"
		}
	],
	"errors": null
}