{
	"data": [
		{
			"name": "The Animal Rescue Site Store",
			"category": "Retail and consumer merchandise",
			"location": {
				"street": "600 University St Suite 1000",
				"city": "Seattle",
				"state": "WA",
				"country": "United States",
				"zip": "98101",
				"latitude": 47.60916,
				"longitude": -122.33265
			},
			"id": "63607310949"
		}, {
			"name": "Dr. Martens",
			"category": "Company",
			"location": {
				"street": "Cobbs Lane",
				"city": "Wollaston",
				"country": "United Kingdom",
				"zip": "NN297SW",
				"latitude": 47.60932,
				"longitude": -122.33903
			},
			"id": "110998592305221"
		}, {
			"name": "Seattle, WA",
			"category": "Local business",
			"location": {
				"city": "Port Orchard",
				"state": "WA",
				"country": "United States",
				"zip": "98101",
				"latitude": 47.610921628153,
				"longitude": -122.33630980021
			},
			"id": "152852791404880"
		}, {
			"name": "Contour Seattle",
			"category": "Club",
			"location": {
				"street": "807 1st Ave",
				"city": "Seattle",
				"state": "WA",
				"country": "United States",
				"zip": "98104",
				"latitude": 47.603551690484,
				"longitude": -122.3352870394
			},
			"id": "295545290500"
		}, {
			"name": "Owl 'n Thistle",
			"category": "Bar",
			"location": {
				"street": "808 Post Avenue",
				"city": "Seattle",
				"state": "WA",
				"country": "United States",
				"zip": "98104",
				"latitude": 47.603382680346,
				"longitude": -122.33569842514
			},
			"id": "34624109712"
		}, {
			"name": "Trinity Nightclub",
			"category": "Club",
			"location": {
				"street": "111 Yesler Way",
				"city": "Seattle",
				"state": "WA",
				"country": "United States",
				"zip": "98104",
				"latitude": 47.601727389535,
				"longitude": -122.33320932428
			},
			"id": "140060752673121"
		}, {
			"name": "The Crab Pot Seattle",
			"category": "Restaurant/cafe",
			"location": {
				"street": "1301 Alaskan Way",
				"city": "Seattle",
				"state": "WA",
				"country": "United States",
				"zip": "98101-2013",
				"latitude": 47.605915163539,
				"longitude": -122.34114741484
			},
			"id": "113801861983319"
		}, {
			"name": "Seattle Ferry Terminal - Washington State Ferries",
			"category": "Local business",
			"location": {
				"street": "801 Alaskan Way",
				"city": "Seattle",
				"state": "WA",
				"country": "United States",
				"zip": "98121",
				"latitude": 47.602869636013,
				"longitude": -122.33893192573
			},
			"id": "114792641936871"
		}, {
			"name": "Lecosho",
			"category": "Local business",
			"location": {
				"street": "89 University St",
				"city": "Seattle",
				"state": "WA",
				"country": "United States",
				"zip": "98101",
				"latitude": 47.606484292065,
				"longitude": -122.33882436492
			},
			"id": "135976926480110"
		}, {
			"name": "Kells Irish Restaurant & Pub",
			"category": "Bar",
			"location": {
				"street": "1916 Post Alley",
				"city": "Seattle",
				"state": "WA",
				"country": "United States",
				"zip": "98101",
				"latitude": 47.610378593978,
				"longitude": -122.34234181855
			},
			"id": "74993773631"
		}
	],
	"paging": {
		"next": "https://graph.facebook.com/search?limit=10&offset=10&type=place&center=47.6045,-122.3378&format=json&access_token=AAAEwewVpOXwBAKtV07dtaihuWXpL2NAyLaZCriHPODpyjh5XGnMsMuECzNzZC9OvbIZBWfbNizP8Pvm8xKqIBUt1subIQZBUiX0Res2pdgZDZD&__after_id=74993773631"
	}
}